variable,nulos,modelo
fecha_referencia,0,A
triage,0,A
edad,281,A
afiliacion,0,A
hora_ingreso,0,A
dia_semana_ingreso,0,A
mes_ingreso,0,A
fin_semana_ingreso,0,A
volumen_ingresos_3h,0,A
volumen_ingresos_6h,0,A
volumen_ingresos_24h,0,A
duracion_ingreso_calculada,0,A
estancia_prolongada_a,0,A
fecha_referencia,0,B
triage,0,B
edad,282,B
afiliacion,0,B
especialidades_tratantes,0,B
sala_observacion,0,B
grupo_cama,0,B
conducta,0,B
pacientes_activos_en_ingreso,0,B
pacientes_pendientes_de_salida,0,B
duracion_ingreso_calculada,52,B
hora_ingreso,5,B
dia_semana_ingreso,5,B
mes_ingreso,5,B
fin_semana_ingreso,0,B
hora_conducta,0,B
dia_semana_conducta,0,B
mes_conducta,0,B
fin_semana_conducta,0,B
duracion_salida_calculada,0,B
estancia_prolongada_b,0,B
