hora,registros,tasa_prolongada,modelo
0,1423,60.57624736472241,Modelo A — ingreso
1,1204,63.2890365448505,Modelo A — ingreso
2,980,65.20408163265307,Modelo A — ingreso
3,825,59.03030303030303,Modelo A — ingreso
4,748,55.88235294117647,Modelo A — ingreso
5,756,48.01587301587302,Modelo A — ingreso
6,775,48.0,Modelo A — ingreso
7,594,43.77104377104377,Modelo A — ingreso
8,845,47.81065088757396,Modelo A — ingreso
9,964,47.9253112033195,Modelo A — ingreso
10,1330,44.88721804511278,Modelo A — ingreso
11,1807,42.94410625345877,Modelo A — ingreso
12,2131,40.96668230877522,Modelo A — ingreso
13,1806,46.733111849390916,Modelo A — ingreso
14,1967,47.89018810371123,Modelo A — ingreso
15,2074,49.27675988428158,Modelo A — ingreso
16,2152,47.072490706319705,Modelo A — ingreso
17,2341,49.93592481845365,Modelo A — ingreso
18,2374,54.38079191238416,Modelo A — ingreso
19,1285,53.3852140077821,Modelo A — ingreso
20,1586,58.448928121059275,Modelo A — ingreso
21,1553,57.501609787508045,Modelo A — ingreso
22,1419,59.61945031712473,Modelo A — ingreso
23,1451,57.27084769124742,Modelo A — ingreso
0,1626,30.50430504305043,Modelo B — salida
1,1339,33.68185212845407,Modelo B — salida
2,1096,41.605839416058394,Modelo B — salida
3,1124,41.99288256227758,Modelo B — salida
4,1356,41.00294985250738,Modelo B — salida
5,1726,39.339513325608344,Modelo B — salida
6,1251,32.77378097521982,Modelo B — salida
7,853,35.40445486518171,Modelo B — salida
8,1144,32.16783216783217,Modelo B — salida
9,1332,29.57957957957958,Modelo B — salida
10,1617,27.82931354359926,Modelo B — salida
11,1490,26.91275167785235,Modelo B — salida
12,1390,25.539568345323744,Modelo B — salida
13,976,25.307377049180328,Modelo B — salida
14,1278,27.62128325508607,Modelo B — salida
15,1479,26.842461122379984,Modelo B — salida
16,1792,27.67857142857143,Modelo B — salida
17,2248,29.181494661921707,Modelo B — salida
18,2159,31.542380731820284,Modelo B — salida
19,1032,26.25968992248062,Modelo B — salida
20,1529,23.80640941792021,Modelo B — salida
21,1484,22.371967654986523,Modelo B — salida
22,1517,25.906394199077127,Modelo B — salida
23,1550,28.774193548387096,Modelo B — salida
