modelo,baseline,pliegue,particion,registros,prevalencia,iteraciones,convergencia_alcanzada,accuracy,recall,precision,f1,roc_auc,pr_auc,verdaderos_negativos,falsos_positivos,falsos_negativos,verdaderos_positivos
A,clase_mayoritaria,1,entrenamiento,14254,0.48800336747579626,,,0.5119966325242037,0.0,0.0,0.0,0.5,0.48800336747579626,7298,0,6956,0
A,clase_mayoritaria,1,validacion,4049,0.4598666337367251,,,0.5401333662632749,0.0,0.0,0.0,0.5,0.4598666337367251,2187,0,1862,0
A,regresion_logistica_l2,1,entrenamiento,14254,0.48800336747579626,45,True,0.5860109442963378,0.5416906267970097,0.5813917605307823,0.5608394730966734,0.6180292567571508,0.5847170121532409,4585,2713,3188,3768
A,regresion_logistica_l2,1,validacion,4049,0.4598666337367251,45,True,0.54828352679674,0.5612244897959183,0.5080213903743316,0.533299311048737,0.5713240823005976,0.5203405802704213,1175,1012,817,1045
A,clase_mayoritaria,2,entrenamiento,18303,0.48177894334262145,,,0.5182210566573786,0.0,0.0,0.0,0.5,0.48177894334262145,9485,0,8818,0
A,clase_mayoritaria,2,validacion,4263,0.5116115411681914,,,0.4883884588318086,0.0,0.0,0.0,0.5,0.5116115411681914,2082,0,2181,0
A,regresion_logistica_l2,2,entrenamiento,18303,0.48177894334262145,46,True,0.5794678468010709,0.5054434112043548,0.5719235211086873,0.5366323520558666,0.6105230973736688,0.5749620515513743,6149,3336,4361,4457
A,regresion_logistica_l2,2,validacion,4263,0.5116115411681914,46,True,0.546094299788881,0.5497478220999541,0.5571561338289963,0.5534271867066698,0.5584233056336249,0.555358403849759,1129,953,982,1199
A,clase_mayoritaria,3,entrenamiento,22566,0.4874146946734025,,,0.5125853053265975,0.0,0.0,0.0,0.5,0.4874146946734025,11567,0,10999,0
A,clase_mayoritaria,3,validacion,4195,0.5785458879618594,,,0.42145411203814065,0.0,0.0,0.0,0.5,0.5785458879618594,1768,0,2427,0
A,regresion_logistica_l2,3,entrenamiento,22566,0.4874146946734025,55,True,0.5754232030488345,0.5208655332302936,0.5706175298804781,0.5446076334426542,0.6033533208725649,0.5731322737166273,7256,4311,5270,5729
A,regresion_logistica_l2,3,validacion,4195,0.5785458879618594,55,True,0.5497020262216925,0.40214256283477545,0.6902404526166902,0.5082009893256965,0.6137192444725347,0.6603315642368597,1330,438,1451,976
A,clase_mayoritaria,4,entrenamiento,26761,0.5017002354172116,,,0.5017002354172116,1.0,0.5017002354172116,0.6681762759101202,0.5,0.5017002354172116,0,13335,0,13426
A,clase_mayoritaria,4,validacion,3709,0.5621461310326233,,,0.5621461310326233,1.0,0.5621461310326233,0.7197100448740076,0.5,0.5621461310326233,0,1624,0,2085
A,regresion_logistica_l2,4,entrenamiento,26761,0.5017002354172116,50,True,0.5769216396995628,0.5831967823625801,0.5776040129831809,0.580386924616411,0.6064613394724438,0.5905321417907297,7609,5726,5596,7830
A,regresion_logistica_l2,4,validacion,3709,0.5621461310326233,50,True,0.5942302507414398,0.5832134292565947,0.6565874730021598,0.6177292354584709,0.6256261001051376,0.645086790273926,988,636,869,1216
A,clase_mayoritaria,5,entrenamiento,30470,0.509058089924516,,,0.509058089924516,1.0,0.509058089924516,0.674669972379896,0.5,0.509058089924516,0,14959,0,15511
A,clase_mayoritaria,5,validacion,3920,0.5683673469387756,,,0.5683673469387756,1.0,0.5683673469387756,0.7247885491216656,0.5,0.5683673469387756,0,1692,0,2228
A,regresion_logistica_l2,5,entrenamiento,30470,0.509058089924516,40,True,0.5817853626517886,0.6204628972986912,0.5839805825242719,0.6016692194679754,0.6110484618673759,0.5992370835420692,8103,6856,5887,9624
A,regresion_logistica_l2,5,validacion,3920,0.5683673469387756,40,True,0.5795918367346938,0.5363554757630161,0.6602209944751382,0.591877166914314,0.6345538833076554,0.679595885179086,1077,615,1033,1195
B,clase_mayoritaria,1,entrenamiento,14249,0.26177275598287597,,,0.738227244017124,0.0,0.0,0.0,0.5,0.26177275598287597,10519,0,3730,0
B,clase_mayoritaria,1,validacion,4052,0.41929911154985194,,,0.5807008884501481,0.0,0.0,0.0,0.5,0.41929911154985194,2353,0,1699,0
B,regresion_logistica_l2,1,entrenamiento,14249,0.26177275598287597,204,True,0.7707909326970314,0.3042895442359249,0.6284606866002215,0.4100433526011561,0.7771159910561433,0.5492793952370407,9848,671,2595,1135
B,regresion_logistica_l2,1,validacion,4052,0.41929911154985194,204,True,0.7095261599210266,0.5338434373160683,0.7020123839009288,0.606486125041792,0.795808989413287,0.7115683859165598,1968,385,792,907
B,clase_mayoritaria,2,entrenamiento,18301,0.2966504562592208,,,0.7033495437407792,0.0,0.0,0.0,0.5,0.2966504562592208,12872,0,5429,0
B,clase_mayoritaria,2,validacion,4250,0.3428235294117647,,,0.6571764705882353,0.0,0.0,0.0,0.5,0.3428235294117647,2793,0,1457,0
B,regresion_logistica_l2,2,entrenamiento,18301,0.2966504562592208,222,True,0.7612698759630622,0.4242033523669184,0.64946418499718,0.5132033426183844,0.7938878271639508,0.6165268289216314,11629,1243,3126,2303
B,regresion_logistica_l2,2,validacion,4250,0.3428235294117647,222,True,0.7284705882352941,0.4770075497597804,0.6393744250229991,0.5463836477987422,0.7846115435662399,0.6391951141039283,2401,392,762,695
B,clase_mayoritaria,3,entrenamiento,22551,0.30535231253602946,,,0.6946476874639705,0.0,0.0,0.0,0.5,0.30535231253602946,15665,0,6886,0
B,clase_mayoritaria,3,validacion,4212,0.350664767331434,,,0.649335232668566,0.0,0.0,0.0,0.5,0.350664767331434,2735,0,1477,0
B,regresion_logistica_l2,3,entrenamiento,22551,0.30535231253602946,192,True,0.7587246685291118,0.44801045599767647,0.6529100529100529,0.5313926449056928,0.794489288368625,0.6264110898531747,14025,1640,3801,3085
B,regresion_logistica_l2,3,validacion,4212,0.350664767331434,192,True,0.7169990503323836,0.3845633039945836,0.6674500587544065,0.4879725085910653,0.7967434854236625,0.6536705096297662,2452,283,909,568
B,clase_mayoritaria,4,entrenamiento,26763,0.31248365280424467,,,0.6875163471957554,0.0,0.0,0.0,0.5,0.31248365280424467,18400,0,8363,0
B,clase_mayoritaria,4,validacion,3720,0.23225806451612904,,,0.7677419354838709,0.0,0.0,0.0,0.5,0.23225806451612904,2856,0,864,0
B,regresion_logistica_l2,4,entrenamiento,26763,0.31248365280424467,188,True,0.7518962747076188,0.4658615329427239,0.6419508980062614,0.5399113082039911,0.796615942895466,0.6331584712811463,16227,2173,4467,3896
B,regresion_logistica_l2,4,validacion,3720,0.23225806451612904,188,True,0.7774193548387097,0.16898148148148148,0.5703125,0.26071428571428573,0.7794437798267454,0.4887509928125524,2746,110,718,146
B,clase_mayoritaria,5,entrenamiento,30483,0.30269330446478365,,,0.6973066955352164,0.0,0.0,0.0,0.5,0.30269330446478365,21256,0,9227,0
B,clase_mayoritaria,5,validacion,3905,0.30704225352112674,,,0.6929577464788732,0.0,0.0,0.0,0.5,0.30704225352112674,2706,0,1199,0
B,regresion_logistica_l2,5,entrenamiento,30483,0.30269330446478365,193,True,0.7563888068759637,0.4444564863986128,0.640681143571317,0.5248272331712311,0.7964562904868503,0.6228943626727048,18956,2300,5126,4101
B,regresion_logistica_l2,5,validacion,3905,0.30704225352112674,193,True,0.7577464788732394,0.41201000834028356,0.672108843537415,0.5108583247156153,0.8071474319262111,0.6455331494891683,2465,241,705,494
