modelo,candidato,parametros,pr_auc_entrenamiento,pr_auc_validacion,roc_auc_validacion,seleccionado
A,regresion_logistica,"{""clasificador__C"": 0.1, ""clasificador__class_weight"": null, ""clasificador__l1_ratio"": 0.0}",0.5843864438886028,0.6119371595287237,0.600117880422939,False
A,regresion_logistica,"{""clasificador__C"": 1.0, ""clasificador__class_weight"": null, ""clasificador__l1_ratio"": 0.0}",0.5845161125508083,0.6121426447620104,0.60072932316391,False
A,regresion_logistica,"{""clasificador__C"": 1.0, ""clasificador__class_weight"": null, ""clasificador__l1_ratio"": 0.5}",0.5845340179118632,0.612152707171726,0.600668449416629,True
A,regresion_logistica,"{""clasificador__C"": 1.0, ""clasificador__class_weight"": null, ""clasificador__l1_ratio"": 1.0}",0.5845372467388673,0.6121212236250623,0.6006612810293281,False
A,regresion_logistica,"{""clasificador__C"": 1.0, ""clasificador__class_weight"": ""balanced"", ""clasificador__l1_ratio"": 0.0}",0.5845056812787595,0.6121227994355255,0.6007144379438115,False
A,arbol_decision,"{""clasificador__class_weight"": ""balanced"", ""clasificador__max_depth"": 4, ""clasificador__min_samples_leaf"": 100}",0.5491391041273389,0.5749123047483937,0.5610268892540015,False
A,arbol_decision,"{""clasificador__class_weight"": ""balanced"", ""clasificador__max_depth"": 8, ""clasificador__min_samples_leaf"": 100}",0.5809904805132448,0.5896452638409366,0.5766031928110508,True
A,random_forest,"{""clasificador__max_depth"": 12, ""clasificador__min_samples_leaf"": 20}",0.6587244292947444,0.6132485706477169,0.5988028525499048,True
A,random_forest,"{""clasificador__max_depth"": null, ""clasificador__min_samples_leaf"": 20}",0.7194570897134189,0.6123251147618733,0.5995198399650098,False
A,xgboost,"{""clasificador__learning_rate"": 0.1, ""clasificador__max_depth"": 3}",0.6358525033377017,0.6142780314963472,0.6018426313551307,True
A,xgboost,"{""clasificador__learning_rate"": 0.1, ""clasificador__max_depth"": 5}",0.7265548664379476,0.6092199700178813,0.597756366077499,False
B,regresion_logistica,"{""clasificador__C"": 0.1, ""clasificador__class_weight"": null, ""clasificador__l1_ratio"": 0.0}",0.6075262905940866,0.629195873499913,0.7935954487704084,True
B,regresion_logistica,"{""clasificador__C"": 1.0, ""clasificador__class_weight"": null, ""clasificador__l1_ratio"": 0.0}",0.6096540295931396,0.6277436303903949,0.7927510460312291,False
B,regresion_logistica,"{""clasificador__C"": 1.0, ""clasificador__class_weight"": null, ""clasificador__l1_ratio"": 0.5}",0.6094447567691775,0.6283000458723818,0.7929705319432593,False
B,regresion_logistica,"{""clasificador__C"": 1.0, ""clasificador__class_weight"": null, ""clasificador__l1_ratio"": 1.0}",0.6091624792885814,0.6285963096546789,0.793092396491213,False
B,regresion_logistica,"{""clasificador__C"": 1.0, ""clasificador__class_weight"": ""balanced"", ""clasificador__l1_ratio"": 0.0}",0.6059271227947762,0.6249656267471698,0.7920704764340747,False
B,arbol_decision,"{""clasificador__class_weight"": ""balanced"", ""clasificador__max_depth"": 4, ""clasificador__min_samples_leaf"": 100}",0.5041653872719148,0.5453367491165415,0.763422914947953,False
B,arbol_decision,"{""clasificador__class_weight"": ""balanced"", ""clasificador__max_depth"": 8, ""clasificador__min_samples_leaf"": 100}",0.5645210958018172,0.5744014128100801,0.7718787555077077,True
B,random_forest,"{""clasificador__max_depth"": 12, ""clasificador__min_samples_leaf"": 20}",0.6257038821073507,0.6248334278782178,0.7935972138544368,False
B,random_forest,"{""clasificador__max_depth"": null, ""clasificador__min_samples_leaf"": 20}",0.6648868014708038,0.6259307198949602,0.7941841585229863,True
B,xgboost,"{""clasificador__learning_rate"": 0.1, ""clasificador__max_depth"": 3}",0.6455637257404796,0.6366375800710184,0.7997856002912358,False
B,xgboost,"{""clasificador__learning_rate"": 0.1, ""clasificador__max_depth"": 5}",0.7233688630276723,0.6394662101975666,0.7996622564514506,True
