modelo,candidato,pliegue,particion,accuracy,recall,precision,f1,roc_auc,pr_auc,verdaderos_negativos,falsos_positivos,falsos_negativos,verdaderos_positivos
A,regresion_logistica,1,entrenamiento,0.5857303213133156,0.5403967797584819,0.5812586980052574,0.5600834388735753,0.618000102748183,0.5847561506006771,4590,2708,3197,3759
A,regresion_logistica,1,validacion,0.5438379846875772,0.5682062298603652,0.5035697287006188,0.5339389351501388,0.5712955964278716,0.5204026199963852,1144,1043,804,1058
A,regresion_logistica,2,entrenamiento,0.579030759984702,0.5048763892039011,0.5714285714285714,0.5360948883135649,0.6104990415325532,0.5749836307429724,6146,3339,4366,4452
A,regresion_logistica,2,validacion,0.5374149659863946,0.48876662081613936,0.5543421736869475,0.5194931773879142,0.5583299308806604,0.5553374873382166,1225,857,1115,1066
A,regresion_logistica,3,entrenamiento,0.5753345741380839,0.5204109464496772,0.5705741626794258,0.5443393086396272,0.6033218255975596,0.5731504334864106,7259,4308,5275,5724
A,regresion_logistica,3,validacion,0.5494636471990465,0.40255459414915534,0.689484827099506,0.508324661810614,0.613626490816922,0.6602983099274087,1328,440,1450,977
A,regresion_logistica,4,entrenamiento,0.5763237547176862,0.5826009235811113,0.5770138683977575,0.5797939366985397,0.6064513861508412,0.5905437795827863,7601,5734,5604,7822
A,regresion_logistica,4,validacion,0.5936910218387705,0.5836930455635492,0.6557112068965517,0.6176097437198681,0.6256825081806476,0.6451955923351097,985,639,868,1217
A,regresion_logistica,5,entrenamiento,0.581851000984575,0.6204628972986912,0.5840514625561355,0.6017068367251243,0.6110439020934831,0.5992360951464697,8105,6854,5887,9624
A,regresion_logistica,5,validacion,0.5803571428571429,0.5377019748653501,0.6607832322118037,0.5929225439247711,0.6344077207770435,0.6795295262615101,1077,615,1030,1198
A,arbol_decision,1,entrenamiento,0.5825733127543146,0.6771132834962622,0.5597813168528643,0.6128822381262199,0.6233225906063262,0.5902850847184895,3594,3704,2246,4710
A,arbol_decision,1,validacion,0.5191405285255619,0.6052631578947368,0.48182984181274047,0.5365389193049274,0.5384383700776536,0.4857600648577752,975,1212,735,1127
A,arbol_decision,2,entrenamiento,0.575151614489428,0.7170560217736448,0.5448983109272665,0.6192341592400352,0.6121042607892301,0.5719320970748358,4204,5281,2495,6323
A,arbol_decision,2,validacion,0.5343654703260614,0.7189362677670793,0.5333333333333333,0.6123803944542081,0.5532059913117434,0.5487590570368429,710,1372,613,1568
A,arbol_decision,3,entrenamiento,0.5689976070194097,0.49786344213110284,0.5657609257154664,0.5296450333687978,0.6000749826491061,0.5689280630226196,7364,4203,5523,5476
A,arbol_decision,3,validacion,0.5587604290822408,0.523279769262464,0.6466395112016293,0.5784559325893874,0.5856133720008876,0.6426478886735192,1074,694,1157,1270
A,arbol_decision,4,entrenamiento,0.5724375023354882,0.6634142708178162,0.5626658243840809,0.6089007383100903,0.6027474490982833,0.5842521700842345,6412,6923,4519,8907
A,arbol_decision,4,validacion,0.5869506605554058,0.6705035971223021,0.623272403031654,0.6460258780036968,0.5969453993455481,0.6214256290892723,779,845,687,1398
A,arbol_decision,5,entrenamiento,0.5762717426977355,0.6249758236090517,0.5774362639980939,0.6002662621133781,0.6022340288952355,0.589554987666044,7865,7094,5817,9694
A,arbol_decision,5,validacion,0.5903061224489796,0.6508078994614004,0.636523266022827,0.6435863293386596,0.6088128313194205,0.649633679547273,864,828,778,1450
A,random_forest,1,entrenamiento,0.6350498105794865,0.699683726279471,0.6098997493734336,0.6517139796464917,0.6913209579030294,0.6701653105080687,4185,3113,2089,4867
A,random_forest,1,validacion,0.5280316127438873,0.6493018259935553,0.4900689096068099,0.5585585585585585,0.5606190422165546,0.5114922602090735,929,1258,653,1209
A,random_forest,2,entrenamiento,0.6282576626782495,0.6784985257427988,0.601185691318328,0.6375066595631327,0.6799493428463105,0.653875055207372,5516,3969,2835,5983
A,random_forest,2,validacion,0.5409336148252405,0.6373223292067859,0.5438184663536776,0.586869326578003,0.5532723886891462,0.5541548789042057,916,1166,791,1390
A,random_forest,3,entrenamiento,0.6225737835681999,0.6594235839621784,0.6032102461743181,0.6300655865873257,0.6714203362153225,0.6489509814085843,6796,4771,3746,7253
A,random_forest,3,validacion,0.5780691299165673,0.5298722702925422,0.6715404699738904,0.5923537540304007,0.6204992337336189,0.6709167939302118,1139,629,1141,1286
A,random_forest,4,entrenamiento,0.6169425656739285,0.6517950245791747,0.6108047742025546,0.6306345259971895,0.665586647490604,0.6578792866543588,7759,5576,4675,8751
A,random_forest,4,validacion,0.5953087085467781,0.6177458033573141,0.6465863453815262,0.6318371351483935,0.6248340244060908,0.6504480102842299,920,704,797,1288
A,random_forest,5,entrenamiento,0.6156547423695438,0.6588227709367546,0.6141964178386825,0.6357273943201965,0.6654792004082214,0.662751512695338,8540,6419,5292,10219
A,random_forest,5,validacion,0.6073979591836735,0.6400359066427289,0.6592695330559408,0.6495103621043042,0.634789573704114,0.6792309099108639,955,737,802,1426
A,xgboost,1,entrenamiento,0.6230531780552827,0.6012075905692927,0.6167231971685592,0.6088665647521293,0.6729595069726146,0.651646234113014,4699,2599,2774,4182
A,xgboost,1,validacion,0.5537169671523833,0.5445757250268528,0.5139381652306133,0.5288135593220339,0.571072375235561,0.517386386399419,1228,959,848,1014
A,xgboost,2,entrenamiento,0.6162924110801508,0.5666817872533454,0.6094645688498598,0.5872950578832932,0.6598005433607135,0.631145785589162,6283,3202,3821,4997
A,xgboost,2,validacion,0.5362420830401126,0.5029802842732691,0.5512562814070352,0.5260129465356029,0.5528989997890259,0.5530170477888501,1189,893,1084,1097
A,xgboost,3,entrenamiento,0.604892315873438,0.5697790708246204,0.5996555353554683,0.5843356643356643,0.6480722215345103,0.6213905017261405,7383,4184,4732,6267
A,xgboost,3,validacion,0.567580452920143,0.4495261639884631,0.6953473550031868,0.546046046046046,0.6216958258058382,0.6717931678588792,1290,478,1336,1091
A,xgboost,4,entrenamiento,0.6039385673181121,0.6196931327275436,0.6023311373343951,0.6108887991482801,0.6464808445197889,0.6368530689622283,7842,5493,5106,8320
A,xgboost,4,validacion,0.5977352386087894,0.6139088729016786,0.6507371631926792,0.631786771964462,0.6259022338779223,0.6453166975691125,937,687,805,1280
A,xgboost,5,entrenamiento,0.6076140466032163,0.6603700599574496,0.6049849388695293,0.631465384378275,0.6459923925301267,0.6382269262979636,8271,6688,5268,10243
A,xgboost,5,validacion,0.5982142857142857,0.5973967684021544,0.6625186660029866,0.6282747226811424,0.6376437220673059,0.6838768578654753,1014,678,897,1331
B,regresion_logistica,1,entrenamiento,0.7661590287037687,0.26595174262734583,0.6254728877679697,0.3732129420617005,0.7679205278231375,0.536678928379617,9925,594,2738,992
B,regresion_logistica,1,validacion,0.7033563672260612,0.5150088287227781,0.6983240223463687,0.5928184281842819,0.7898293713934372,0.7041705799427603,1975,378,824,875
B,regresion_logistica,2,entrenamiento,0.757608873832031,0.4004420703628661,0.6479880774962742,0.4949908925318761,0.7853388982882138,0.6042586921761011,11691,1181,3255,2174
B,regresion_logistica,2,validacion,0.7218823529411764,0.4598490048043926,0.6291079812206573,0.5313243457573354,0.7745557638581206,0.623092676738524,2398,395,787,670
B,regresion_logistica,3,entrenamiento,0.7527825817036938,0.4204182399070578,0.6463496316141996,0.5094588649362076,0.7857402285119598,0.6131392660063288,14081,1584,3991,2895
B,regresion_logistica,3,validacion,0.7060778727445394,0.34664861205145564,0.6522292993630573,0.4526967285587975,0.7931082200072037,0.6460741350499483,2462,273,965,512
B,regresion_logistica,4,entrenamiento,0.7462915218772186,0.44134879827812984,0.6353933551385781,0.5208862545865086,0.7887011045027528,0.6204242292547804,16282,2118,4672,3691
B,regresion_logistica,4,validacion,0.775,0.14467592592592593,0.5605381165919282,0.22999080036798528,0.7750990442473286,0.47488089207686107,2758,98,739,125
B,regresion_logistica,5,entrenamiento,0.7506807072794672,0.4208301723203641,0.6325134386707932,0.5054015358583887,0.7889599785675876,0.610214000556189,19000,2256,5344,3883
B,regresion_logistica,5,validacion,0.7526248399487836,0.3786488740617181,0.6725925925925926,0.48452508004268946,0.8060773112849029,0.638530594106885,2485,221,745,454
B,arbol_decision,1,entrenamiento,0.6632746157625097,0.7487935656836461,0.4197475202885482,0.5379429892141756,0.7533378130776762,0.4953275943579942,6658,3861,937,2793
B,arbol_decision,1,validacion,0.6549851924975321,0.899941141848146,0.554588320638375,0.6862657091561939,0.7471010546690424,0.6248559894280237,1125,1228,170,1529
B,arbol_decision,2,entrenamiento,0.6670127315447243,0.7872536378706945,0.4639096928253555,0.5838000273186723,0.7698461013357243,0.5572146406640286,7933,4939,1155,4274
B,arbol_decision,2,validacion,0.6331764705882353,0.8476321207961565,0.4801710730948678,0.6130553487217671,0.7485747902455423,0.5696314953134233,1456,1337,222,1235
B,arbol_decision,3,entrenamiento,0.6912775486674648,0.7256752831832705,0.4962264150943396,0.5894078792167964,0.7692039867917798,0.5614835496435374,10592,5073,1889,4997
B,arbol_decision,3,validacion,0.7110636277302944,0.7758970886932972,0.5639763779527559,0.6531775434596752,0.7867140146475079,0.616515492797165,1849,886,331,1146
B,arbol_decision,4,entrenamiento,0.6834061951201286,0.7798636852804017,0.4958187623536567,0.6062183389877771,0.7744626694186089,0.5725870656433467,11768,6632,1841,6522
B,arbol_decision,4,validacion,0.7201612903225807,0.6099537037037037,0.4281072298943948,0.5031026252983294,0.7518086517014214,0.42570040330921116,2152,704,337,527
B,arbol_decision,5,entrenamiento,0.682085096611226,0.7921317871464181,0.4846174247447288,0.6013410670944918,0.7777940839297738,0.5688767908563336,13483,7773,1918,7309
B,arbol_decision,5,validacion,0.7101152368758002,0.8340283569641368,0.5173305742369374,0.6385696040868455,0.8038533897735671,0.5982986221505245,1773,933,199,1000
B,random_forest,1,entrenamiento,0.6933118113551828,0.7849865951742627,0.45073891625615764,0.5726579307647174,0.816649076470077,0.6228160024394247,6951,3568,802,2928
B,random_forest,1,validacion,0.6542448173741362,0.8881695114773396,0.5547794117647059,0.6829599456890699,0.7790107778206075,0.6900676329889077,1142,1211,190,1509
B,random_forest,2,entrenamiento,0.716299655756516,0.7876220298397495,0.5142513529765484,0.6222351571594877,0.8226488309851303,0.6638844368609449,8833,4039,1153,4276
B,random_forest,2,validacion,0.66,0.8236101578586136,0.5025125628140703,0.6241872561768531,0.7703617805175749,0.6098949982967222,1605,1188,257,1200
B,random_forest,3,entrenamiento,0.7151345838322025,0.7926227127505083,0.5220968050506983,0.6295271049596309,0.823420737654561,0.6737853767321669,10669,4996,1428,5458
B,random_forest,3,validacion,0.7231718898385565,0.8287068381855112,0.5727655591951334,0.677365799667958,0.8051408618933333,0.6633812298766031,1822,913,253,1224
B,random_forest,4,entrenamiento,0.7169226170459216,0.8018653593208179,0.5311683168316832,0.639031827711073,0.8267743008801709,0.6868599505178272,12481,5919,1657,6706
B,random_forest,4,validacion,0.7524193548387097,0.4386574074074074,0.46503067484662575,0.4514592019058964,0.7691571999170038,0.4655931016985423,2420,436,485,379
B,random_forest,5,entrenamiento,0.7222058196371748,0.8024276579603338,0.5270125987614777,0.6361917855301599,0.828986402589739,0.6805096472959493,14611,6645,1823,7404
B,random_forest,5,validacion,0.7413572343149808,0.7873227689741451,0.5556209535020601,0.6514837819185645,0.8201562400793468,0.6586763148118759,1951,755,255,944
B,xgboost,1,entrenamiento,0.782089971226051,0.3021447721179625,0.6918354818907305,0.4206008583690987,0.803393629349878,0.5988166354152201,10017,502,2603,1127
B,xgboost,1,validacion,0.6969397828232972,0.46968805179517364,0.7093333333333334,0.5651558073654391,0.7860573718146746,0.7002207718710305,2026,327,901,798
B,xgboost,2,entrenamiento,0.7681001038194634,0.4118622214035734,0.6802555521752358,0.513079394217531,0.8101931356143794,0.6458773591980002,11821,1051,3193,2236
B,xgboost,2,validacion,0.7270588235294118,0.4673987645847632,0.6394366197183099,0.5400475812846947,0.7818655620323482,0.6298138260220572,2409,384,776,681
B,xgboost,3,entrenamiento,0.7626269345040131,0.4285506825442928,0.6754406042572672,0.5243891603731675,0.8076555548437881,0.6470272077009673,14247,1418,3935,2951
B,xgboost,3,validacion,0.7250712250712251,0.44008124576844954,0.6625891946992865,0.5288852725793328,0.8018182515821511,0.6562432135415958,2404,331,827,650
B,xgboost,4,entrenamiento,0.7568658222172402,0.45617601339232333,0.6607204710772429,0.5397184692650492,0.8087918575090071,0.6538272259490926,16441,1959,4548,3815
B,xgboost,4,validacion,0.7795698924731183,0.17824074074074073,0.5833333333333334,0.2730496453900709,0.7811265999455339,0.49020741209146124,2746,110,710,154
B,xgboost,5,entrenamiento,0.7606862841583834,0.4349192586973014,0.6585165736790286,0.5238561451602376,0.8078573643875979,0.6416581903805552,19175,2081,5214,4013
B,xgboost,5,validacion,0.7549295774647887,0.43869891576313597,0.6493827160493827,0.5236436037829766,0.8163926331810138,0.6527448383056098,2422,284,673,526
