modelo,candidato,particion,accuracy_mean,recall_mean,precision_mean,f1_mean,roc_auc_mean,pr_auc_mean
A,arbol_decision,entrenamiento,0.5750863558592751,0.6360845683655756,0.5621085283755545,0.5941856862317042,0.6080966624076363,0.5809904805132446
A,arbol_decision,validacion,0.5579046421876499,0.6337581383015966,0.5843196710804368,0.6033974907381758,0.5766031928110507,0.5896452638409365
A,random_forest,entrenamiento,0.6236957129738816,0.6696447263000754,0.6078593757814634,0.6371296292228672,0.6747512969726975,0.6587244292947444
A,random_forest,validacion,0.5699482050432294,0.6148556270985853,0.602256744874369,0.603825827283932,0.5988028525499048,0.6132485706477169
A,regresion_logistica,entrenamiento,0.5796540822276726,0.5537495872583725,0.5768653526134295,0.5644036818500863,0.609863251624524,0.5845340179118632
A,regresion_logistica,validacion,0.5609529525137863,0.5161844930509119,0.6127782337190856,0.5544578123986612,0.600668449416629,0.612152707171726
A,xgboost,entrenamiento,0.61115810378604,0.6035463282664504,0.6066318755155623,0.6045702940995283,0.6546611017835507,0.6358525033377017
A,xgboost,validacion,0.5706978054871428,0.5416775629184836,0.6147595261673002,0.5721868093098574,0.6018426313551306,0.6142780314963472
B,arbol_decision,entrenamiento,0.6757328790790352,0.7790653573431829,0.4706248424401037,0.5864483133638418,0.7753969970055675,0.5645210958018172
B,arbol_decision,validacion,0.6797760544791183,0.8056290756642703,0.5015007127455228,0.6178044726814754,0.7718787555077077,0.5744014128100801
B,random_forest,entrenamiento,0.714217845157112,0.7975604423678793,0.5104307865746804,0.6221598221848976,0.8245818867524655,0.6648868014708038
B,random_forest,validacion,0.7120536272777833,0.7652983448992482,0.5365246975894509,0.6279521017789025,0.7941841585229862,0.6259307198949602
B,regresion_logistica,entrenamiento,0.7589165807069513,0.405514534568138,0.6451799732047563,0.4951282491572517,0.7899835197339822,0.6075262905940866
B,regresion_logistica,validacion,0.7390157828912569,0.3918961516054929,0.6563101659641111,0.4809014795059129,0.7935954487704086,0.6291958734999129
B,xgboost,entrenamiento,0.7980949036793801,0.4953624740311435,0.737472573706434,0.5913237887323431,0.8557318157958477,0.7233688630276724
B,xgboost,validacion,0.7423146538157808,0.42539289813281,0.6589272074857009,0.5099901407685238,0.7996622564514506,0.6394662101975664
