modelo,variable,grupo,registros,prevalencia,recall,precision,f1
A,triage,triage_1,394,0.5862944162436549,1.0,0.5877862595419847,0.7403846153846154
A,triage,triage_2,3192,0.6531954887218046,0.9985611510791367,0.655748031496063,0.7916349809885932
A,triage,triage_3,4392,0.5990437158469946,0.9889775750665146,0.6037122969837587,0.7497478749459732
A,triage,triage_4,54,0.3333333333333333,1.0,0.35294117647058826,0.5217391304347826
A,triage,triage_sin_registrar,37,0.6216216216216216,0.782608695652174,0.75,0.7659574468085106
A,grupo_edad,0–17,1540,0.475974025974026,0.9631650750341064,0.4842249657064472,0.6444545869465997
A,grupo_edad,18–39,1950,0.6194871794871795,0.9925496688741722,0.6222106901920083,0.7649122807017544
A,grupo_edad,40–64,1799,0.6425792106725959,0.9991349480968859,0.6434540389972145,0.7827854964418841
A,grupo_edad,65 o más,2745,0.6859744990892532,1.0,0.6862244897959183,0.8139183055975794
A,grupo_edad,nan,39,0.2564102564102564,0.9,0.3,0.45
A,afiliacion,armada_nacional,767,0.5997392438070405,0.9891304347826086,0.6018518518518519,0.7483552631578947
A,afiliacion,ejercito_nacional,6170,0.6215559157212318,0.9929595827900912,0.6250820748522653,0.7672005641180618
A,afiliacion,fuerza_aerea,869,0.6271576524741082,0.9944954128440368,0.6280417149478563,0.7698863636363636
A,afiliacion,otras_eapb,188,0.6276595744680851,1.0,0.6276595744680851,0.7712418300653595
A,afiliacion,policia_nacional,51,0.5490196078431373,0.9642857142857143,0.574468085106383,0.72
A,turno_ingreso,Madrugada,1401,0.681655960028551,0.9989528795811519,0.6824034334763949,0.8108797280067999
A,turno_ingreso,Mañana,1506,0.5677290836653387,0.9871345029239766,0.5741496598639456,0.7260215053763441
A,turno_ingreso,Tarde,2898,0.5476190476190477,0.984247006931317,0.553704360155973,0.7087114337568058
A,turno_ingreso,Noche,2268,0.7023809523809523,0.9993722536095417,0.7028697571743929,0.8252980819077242
B,triage,triage_1,396,0.42676767676767674,0.8875739644970414,0.539568345323741,0.6711409395973155
B,triage,triage_2,3200,0.345625,0.8707052441229657,0.5141484249866525,0.6465256797583081
B,triage,triage_3,4411,0.2919972795284516,0.8377329192546584,0.48978665456196097,0.6181609853910054
B,triage,triage_4,55,0.21818181818181817,0.6666666666666666,0.3333333333333333,0.4444444444444444
B,triage,triage_sin_registrar,38,0.34210526315789475,0.7692307692307693,0.5555555555555556,0.6451612903225806
B,grupo_edad,0–17,1548,0.22093023255813954,0.7046783625730995,0.43189964157706096,0.5355555555555556
B,grupo_edad,18–39,1953,0.31643625192012287,0.8640776699029126,0.5090562440419447,0.6406718656268746
B,grupo_edad,40–64,1807,0.32650802434975096,0.8830508474576271,0.5112855740922473,0.6476072094468615
B,grupo_edad,65 o más,2756,0.37336719883889696,0.8814382896015549,0.5162208309618668,0.6511127063890882
B,grupo_edad,nan,40,0.275,0.8181818181818182,0.6,0.6923076923076923
B,afiliacion,armada_nacional,771,0.2840466926070039,0.8082191780821918,0.45153061224489793,0.5793780687397708
B,afiliacion,ejercito_nacional,6194,0.32483048111075236,0.8593439363817097,0.5107828655834564,0.6407263294422828
B,afiliacion,fuerza_aerea,871,0.32606199770378874,0.8661971830985915,0.4871287128712871,0.623574144486692
B,afiliacion,otras_eapb,188,0.26063829787234044,0.7551020408163265,0.5211267605633803,0.6166666666666667
B,afiliacion,policia_nacional,51,0.47058823529411764,0.875,0.5833333333333334,0.7
B,turno_ingreso,Madrugada,1403,0.3143264433357092,0.8707482993197279,0.5092838196286472,0.6426778242677824
B,turno_ingreso,Mañana,1509,0.32339297548045065,0.8647540983606558,0.5281602002503129,0.6557886557886557
B,turno_ingreso,Tarde,2911,0.3260048093438681,0.8356164383561644,0.49438902743142144,0.6212299255777517
B,turno_ingreso,Noche,2281,0.31214379658044716,0.8609550561797753,0.4939564867042707,0.6277521761392729
