modelo,variable_transformada,tipo,coeficiente,magnitud_absoluta,odds_ratio,direccion
A,afiliacion=afiliacion_sin_registrar,categoría codificada,-0.9413616702960411,0.9413616702960411,0.39009629101450877,reduce los odds
A,triage=triage_5,categoría codificada,-0.8662897209023782,0.8662897209023782,0.42050886367278784,reduce los odds
A,afiliacion=inactivo,categoría codificada,-0.8037169112740855,0.8037169112740855,0.44766194821902544,reduce los odds
A,hora_ingreso=2,categoría codificada,0.6310449605086608,0.6310449605086608,1.8795736336488436,aumenta los odds
A,hora_ingreso=1,categoría codificada,0.5308526985251475,0.5308526985251475,1.7003816035104289,aumenta los odds
A,hora_ingreso=12,categoría codificada,-0.43940973349272455,0.43940973349272455,0.6444166864298805,reduce los odds
A,triage=triage_sin_registrar,categoría codificada,-0.4076238188682312,0.4076238188682312,0.6652290783868668,reduce los odds
A,hora_ingreso=0,categoría codificada,0.40312566146165496,0.40312566146165496,1.4964949315891118,aumenta los odds
A,hora_ingreso=3,categoría codificada,0.40232082995812724,0.40232082995812724,1.4952909898733981,aumenta los odds
A,hora_ingreso=11,categoría codificada,-0.33879534862400473,0.33879534862400473,0.7126282745239493,reduce los odds
A,hora_ingreso=22,categoría codificada,0.333397789110053,0.333397789110053,1.3957023832680793,aumenta los odds
A,mes_ingreso=mayo,categoría codificada,-0.3320309654179903,0.3320309654179903,0.7174651059035687,reduce los odds
A,afiliacion=policia_nacional,categoría codificada,-0.32349393829426404,0.32349393829426404,0.7236163442584325,reduce los odds
A,hora_ingreso=23,categoría codificada,0.2689708695270518,0.2689708695270518,1.3086170198585287,aumenta los odds
A,hora_ingreso=16,categoría codificada,-0.24607933568700446,0.24607933568700446,0.781860193049282,reduce los odds
A,hora_ingreso=10,categoría codificada,-0.23771280303284395,0.23771280303284395,0.7884290930255747,reduce los odds
A,hora_ingreso=4,categoría codificada,0.23663331840903795,0.23663331840903795,1.2669764556464977,aumenta los odds
A,hora_ingreso=7,categoría codificada,-0.23029311869831628,0.23029311869831628,0.7943007439772609,reduce los odds
A,edad,numérica estandarizada,0.22933171558318555,0.22933171558318555,1.2577591881411816,aumenta los odds
A,hora_ingreso=21,categoría codificada,0.2234167140192333,0.2234167140192333,1.2503415000216909,aumenta los odds
A,hora_ingreso=20,categoría codificada,0.21838485303203148,0.21838485303203148,1.2440657579794403,aumenta los odds
A,hora_ingreso=14,categoría codificada,-0.21664781563987917,0.21664781563987917,0.8052135029763149,reduce los odds
A,hora_ingreso=13,categoría codificada,-0.20909667065773405,0.20909667065773405,0.8113168013235093,reduce los odds
A,afiliacion=otras_eapb,categoría codificada,0.19387325227671287,0.19387325227671287,1.2139424087683246,aumenta los odds
A,triage=triage_2,categoría codificada,0.15457407722069905,0.15457407722069905,1.1671607348785633,aumenta los odds
A,mes_ingreso=junio,categoría codificada,-0.15309021627761324,0.15309021627761324,0.8580523080342266,reduce los odds
A,hora_ingreso=15,categoría codificada,-0.15115476675135417,0.15115476675135417,0.8597146331215507,reduce los odds
A,hora_ingreso=17,categoría codificada,-0.14182070116756348,0.14182070116756348,0.8677768339112076,reduce los odds
A,mes_ingreso=julio,categoría codificada,-0.1275234813521294,0.1275234813521294,0.8802727455972302,reduce los odds
A,dia_semana_ingreso=martes,categoría codificada,-0.11141853611551047,0.11141853611551047,0.8945642631148201,reduce los odds
A,volumen_ingresos_24h,numérica estandarizada,0.10044493635576367,0.10044493635576367,1.105662758207096,aumenta los odds
A,mes_ingreso=noviembre,categoría codificada,0.09750174191137738,0.09750174191137738,1.1024133618680312,aumenta los odds
A,hora_ingreso=8,categoría codificada,-0.09584529270432972,0.09584529270432972,0.9086045729521532,reduce los odds
A,mes_ingreso=febrero,categoría codificada,0.09458908177461359,0.09458908177461359,1.0992070780888903,aumenta los odds
A,afiliacion=armada_nacional,categoría codificada,0.09046826297505706,0.09046826297505706,1.09468676498917,aumenta los odds
A,hora_ingreso=9,categoría codificada,-0.08842738389948225,0.08842738389948225,0.915369578891991,reduce los odds
A,afiliacion=ejercito_nacional,categoría codificada,0.08354603148031929,0.08354603148031929,1.087135256586299,aumenta los odds
A,fin_semana_ingreso=0,categoría codificada,-0.07660734006179613,0.07660734006179613,0.926253484846234,reduce los odds
A,triage=triage_1,categoría codificada,0.07161598739687579,0.07161598739687579,1.0742427420949268,aumenta los odds
A,afiliacion=fuerza_aerea,categoría codificada,0.0680439962595739,0.0680439962595739,1.0704124015846777,aumenta los odds
A,hora_ingreso=5,categoría codificada,-0.06361598743109066,0.06361598743109066,0.9383652744108628,reduce los odds
A,volumen_ingresos_6h,numérica estandarizada,0.06098591861474871,0.06098591861474871,1.0628839472034797,aumenta los odds
A,mes_ingreso=enero,categoría codificada,-0.054718953462787746,0.054718953462787746,0.9467511917104262,reduce los odds
A,triage=triage_3,categoría codificada,0.053589845687373086,0.053589845687373086,1.0550517793617302,aumenta los odds
A,mes_ingreso=octubre,categoría codificada,0.053589159130912355,0.053589159130912355,1.0550510550093632,aumenta los odds
A,mes_ingreso=diciembre,categoría codificada,0.052376785662562146,0.052376785662562146,1.053772714172353,aumenta los odds
A,mes_ingreso=abril,categoría codificada,0.049241149309519894,0.049241149309519894,1.0504736411916342,aumenta los odds
A,dia_semana_ingreso=domingo,categoría codificada,-0.049178466743694374,0.049178466743694374,0.952011212195643,reduce los odds
A,dia_semana_ingreso=viernes,categoría codificada,0.04716972740547852,0.04716972740547852,1.0482999192065667,aumenta los odds
A,dia_semana_ingreso=lunes,categoría codificada,-0.0391349135965499,0.0391349135965499,0.9616209646515563,reduce los odds
A,dia_semana_ingreso=jueves,categoría codificada,0.03868070325054413,0.03868070325054413,1.039438541311423,aumenta los odds
A,hora_ingreso=6,categoría codificada,-0.03518932126135362,0.03518932126135362,0.9654226239259741,reduce los odds
A,hora_ingreso=18,categoría codificada,0.03471562814446312,0.03471562814446312,1.0353252495713443,aumenta los odds
A,dia_semana_ingreso=sabado,categoría codificada,0.03048285379152732,0.03048285379152732,1.0309522129756648,aumenta los odds
A,triage=triage_4,categoría codificada,-0.029263615806467292,0.029263615806467292,0.9711604174824078,reduce los odds
A,mes_ingreso=marzo,categoría codificada,-0.024953253156133132,0.024953253156133132,0.9753555057541852,reduce los odds
A,mes_ingreso=septiembre,categoría codificada,-0.017833102443234137,0.017833102443234137,0.9823249663146598,reduce los odds
A,hora_ingreso=19,categoría codificada,0.007656710264417329,0.007656710264417329,1.007686097826589,aumenta los odds
A,dia_semana_ingreso=miercoles,categoría codificada,-0.007395861762320117,0.007395861762320117,0.9926314203236725,reduce los odds
A,volumen_ingresos_3h,numérica estandarizada,0.00698140623484713,0.00698140623484713,1.007005833062805,aumenta los odds
A,mes_ingreso=agosto,categoría codificada,0.0,0.0,1.0,sin cambio
A,fin_semana_ingreso=1,categoría codificada,0.0,0.0,1.0,sin cambio
